<|mdm_mask|>,<|mdm_mask|>,<|mdm_mask|>,<|mdm_mask|>,<|mdm_mask|>,<|mdm_mask|>,<|mdm_mask|>,<|mdm_mask|>,<|mdm_mask|>,<|mdm_mask|>,<|mdm_mask|>,<|mdm_mask|>,<|mdm_mask|>,<|mdm_mask|>,<|mdm_mask|>,<|mdm_mask|>,<|mdm_mask|>,<|mdm_mask|>,<|mdm_mask|>,<|mdm_mask|>,<|mdm_mask|>,<|mdm_mask|>,<|mdm_mask|>,<|mdm_mask|>,<|mdm_mask|>,<|mdm_mask|>,<|mdm_mask|>,<|mdm_mask|>,<|mdm_mask|>,<|mdm_mask|>,<|mdm_mask|>,<|mdm_mask|>,<|mdm_mask|>,<|mdm_mask|>,<|mdm_mask|>,<|mdm_mask|>,<|mdm_mask|>,<|mdm_mask|>,<|mdm_mask|>,<|mdm_mask|>,<|mdm_mask|>,<|mdm_mask|>,<|mdm_mask|>,<|mdm_mask|>,<|mdm_mask|>,<|mdm_mask|>,<|mdm_mask|>,<|mdm_mask|>,<|mdm_mask|>,<|mdm_mask|>,<|mdm_mask|>,<|mdm_mask|>,<|mdm_mask|>,<|mdm_mask|>,<|mdm_mask|>,<|mdm_mask|>,<|mdm_mask|>,<|mdm_mask|>,<|mdm_mask|>,<|mdm_mask|>,<|mdm_mask|>,<|mdm_mask|>,<|mdm_mask|>,<|mdm_mask|>,<|mdm_mask|>,<|mdm_mask|>,<|mdm_mask|>,<|mdm_mask|>,<|mdm_mask|>,<|mdm_mask|>,<|mdm_mask|>,<|mdm_mask|>,<|mdm_mask|>,<|mdm_mask|>,<|mdm_mask|>,<|mdm_mask|>,<|mdm_mask|>,<|mdm_mask|>,<|mdm_mask|>,<|mdm_mask|>,<|mdm_mask|>,<|mdm_mask|>,<|mdm_mask|>,<|mdm_mask|>,<|mdm_mask|>,<|mdm_mask|>,<|mdm_mask|>,<|mdm_mask|>,<|mdm_mask|>,<|mdm_mask|>,<|mdm_mask|>,<|mdm_mask|>,<|mdm_mask|>,<|mdm_mask|>,<|mdm_mask|>,<|mdm_mask|>,<|mdm_mask|>,<|mdm_mask|>,<|mdm_mask|>,<|mdm_mask|>,<|mdm_mask|>,<|mdm_mask|>,<|mdm_mask|>,<|mdm_mask|>,<|mdm_mask|>,<|mdm_mask|>,<|mdm_mask|>,<|mdm_mask|>,<|mdm_mask|>,<|mdm_mask|>,<|mdm_mask|>,<|mdm_mask|>,<|mdm_mask|>,<|mdm_mask|>,<|mdm_mask|>,<|mdm_mask|>,<|mdm_mask|>,<|mdm_mask|>,<|mdm_mask|>,<|mdm_mask|>,<|mdm_mask|>,<|mdm_mask|>,<|mdm_mask|>,<|mdm_mask|>,<|mdm_mask|>,<|mdm_mask|>,<|mdm_mask|>,<|mdm_mask|>
<|mdm_mask|>,<|mdm_mask|>,<|mdm_mask|>,<|mdm_mask|>, Ultimate,<|mdm_mask|>,<|mdm_mask|>,<|mdm_mask|>,<|mdm_mask|>,<|mdm_mask|>,<|mdm_mask|>,<|mdm_mask|>,<|mdm_mask|>,<|mdm_mask|>,<|mdm_mask|>,<|mdm_mask|>,<|mdm_mask|>,<|mdm_mask|>,<|mdm_mask|>,<|mdm_mask|>,<|mdm_mask|>,<|mdm_mask|>,<|mdm_mask|>,<|mdm_mask|>,<|mdm_mask|>,<|mdm_mask|>,<|mdm_mask|>,<|mdm_mask|>,<|mdm_mask|>,<|mdm_mask|>,<|mdm_mask|>,<|mdm_mask|>,<|mdm_mask|>,<|mdm_mask|>,<|mdm_mask|>,<|mdm_mask|>,<|mdm_mask|>,<|mdm_mask|>,<|mdm_mask|>,<|mdm_mask|>,<|mdm_mask|>,<|mdm_mask|>,<|mdm_mask|>,<|mdm_mask|>,<|mdm_mask|>,<|mdm_mask|>,<|mdm_mask|>,<|mdm_mask|>,<|mdm_mask|>,<|mdm_mask|>,<|mdm_mask|>,<|mdm_mask|>,<|mdm_mask|>,<|mdm_mask|>,<|mdm_mask|>,<|mdm_mask|>,<|mdm_mask|>,<|mdm_mask|>,<|mdm_mask|>,<|mdm_mask|>,<|mdm_mask|>,<|mdm_mask|>,<|mdm_mask|>,<|mdm_mask|>,<|mdm_mask|>,<|mdm_mask|>,<|mdm_mask|>,<|mdm_mask|>,<|mdm_mask|>,<|mdm_mask|>,<|mdm_mask|>,<|mdm_mask|>,<|mdm_mask|>,<|mdm_mask|>,<|mdm_mask|>,<|mdm_mask|>,<|mdm_mask|>,<|mdm_mask|>,<|mdm_mask|>,<|mdm_mask|>,<|mdm_mask|>,<|mdm_mask|>,<|mdm_mask|>,<|mdm_mask|>,<|mdm_mask|>,<|mdm_mask|>,<|mdm_mask|>,<|mdm_mask|>,<|mdm_mask|>,<|mdm_mask|>,<|mdm_mask|>,<|mdm_mask|>,<|mdm_mask|>,<|mdm_mask|>,<|mdm_mask|>,<|mdm_mask|>,<|mdm_mask|>,<|mdm_mask|>,<|mdm_mask|>,<|mdm_mask|>,<|mdm_mask|>,<|mdm_mask|>,<|mdm_mask|>,<|mdm_mask|>,<|mdm_mask|>,<|mdm_mask|>,<|mdm_mask|>,<|mdm_mask|>,<|mdm_mask|>,<|mdm_mask|>,<|mdm_mask|>,<|mdm_mask|>,<|mdm_mask|>,<|mdm_mask|>,<|mdm_mask|>,<|mdm_mask|>,<|mdm_mask|>,<|mdm_mask|>,<|mdm_mask|>,<|mdm_mask|>,<|mdm_mask|>,<|mdm_mask|>,<|mdm_mask|>,<|mdm_mask|>,<|mdm_mask|>,<|mdm_mask|>,<|mdm_mask|>,<|mdm_mask|>
<|mdm_mask|>, Answer, to, the, Ultimate, Question, of, Life,",", The,<|mdm_mask|>,",", and, Everything,<|mdm_mask|>,<|mdm_mask|>,<|mdm_mask|>,<|mdm_mask|>,<|mdm_mask|>,<|mdm_mask|>,<|mdm_mask|>,<|mdm_mask|>,<|mdm_mask|>,<|mdm_mask|>,<|mdm_mask|>,<|mdm_mask|>,<|mdm_mask|>,<|mdm_mask|>,<|mdm_mask|>,<|mdm_mask|>,<|mdm_mask|>,<|mdm_mask|>,<|mdm_mask|>,<|mdm_mask|>,<|mdm_mask|>,<|mdm_mask|>,<|mdm_mask|>,<|mdm_mask|>,<|mdm_mask|>,<|mdm_mask|>,<|mdm_mask|>,<|mdm_mask|>,<|mdm_mask|>,<|mdm_mask|>,<|mdm_mask|>,<|mdm_mask|>,<|mdm_mask|>,<|mdm_mask|>,<|mdm_mask|>,<|mdm_mask|>,<|mdm_mask|>,<|mdm_mask|>,<|mdm_mask|>,<|mdm_mask|>,<|mdm_mask|>,<|mdm_mask|>,<|mdm_mask|>,<|mdm_mask|>,<|mdm_mask|>,<|mdm_mask|>,<|mdm_mask|>,<|mdm_mask|>,<|mdm_mask|>,<|mdm_mask|>,<|mdm_mask|>,<|mdm_mask|>,<|mdm_mask|>,<|mdm_mask|>,<|mdm_mask|>,<|mdm_mask|>,<|mdm_mask|>,<|mdm_mask|>,<|mdm_mask|>,<|mdm_mask|>,<|mdm_mask|>,<|mdm_mask|>,<|mdm_mask|>,<|mdm_mask|>,<|mdm_mask|>,<|mdm_mask|>,<|mdm_mask|>,<|mdm_mask|>,<|mdm_mask|>,<|mdm_mask|>,<|mdm_mask|>,<|mdm_mask|>,<|mdm_mask|>,<|mdm_mask|>,<|mdm_mask|>,<|mdm_mask|>,<|mdm_mask|>,<|mdm_mask|>,<|mdm_mask|>,<|mdm_mask|>,<|mdm_mask|>,<|mdm_mask|>,<|mdm_mask|>,<|mdm_mask|>,<|mdm_mask|>,<|mdm_mask|>,<|mdm_mask|>,<|mdm_mask|>,<|mdm_mask|>,<|mdm_mask|>,<|mdm_mask|>,<|mdm_mask|>,<|mdm_mask|>,<|mdm_mask|>,<|mdm_mask|>,<|mdm_mask|>,<|mdm_mask|>,<|mdm_mask|>,<|mdm_mask|>,<|mdm_mask|>,<|mdm_mask|>,<|mdm_mask|>,<|mdm_mask|>,<|mdm_mask|>,<|mdm_mask|>,<|mdm_mask|>,<|mdm_mask|>,<|mdm_mask|>,<|mdm_mask|>,<|mdm_mask|>,<|mdm_mask|>,<|mdm_mask|>,<|mdm_mask|>,<|mdm_mask|>
<|mdm_mask|>, Answer, to, the, Ultimate, Question, of, Life,",", The, Universe,",", and, Everything,<|mdm_mask|>,<|mdm_mask|>,<|mdm_mask|>,<|mdm_mask|>,<|mdm_mask|>,<|mdm_mask|>,<|mdm_mask|>,<|mdm_mask|>,<|mdm_mask|>,<|mdm_mask|>,<|mdm_mask|>,<|mdm_mask|>,<|mdm_mask|>,<|mdm_mask|>,<|mdm_mask|>,<|mdm_mask|>,<|mdm_mask|>,<|mdm_mask|>,<|mdm_mask|>,<|mdm_mask|>,<|mdm_mask|>,<|mdm_mask|>,<|mdm_mask|>,<|mdm_mask|>,<|mdm_mask|>,<|mdm_mask|>,<|mdm_mask|>,<|mdm_mask|>,<|mdm_mask|>,<|mdm_mask|>,<|mdm_mask|>,<|mdm_mask|>,<|mdm_mask|>,<|mdm_mask|>,<|mdm_mask|>,<|mdm_mask|>,<|mdm_mask|>,<|mdm_mask|>,<|mdm_mask|>,<|mdm_mask|>,<|mdm_mask|>,<|mdm_mask|>,<|mdm_mask|>,<|mdm_mask|>,<|mdm_mask|>,<|mdm_mask|>,<|mdm_mask|>,<|mdm_mask|>,<|mdm_mask|>,<|mdm_mask|>,<|mdm_mask|>,<|mdm_mask|>,<|mdm_mask|>,<|mdm_mask|>,<|mdm_mask|>,<|mdm_mask|>,<|mdm_mask|>,<|mdm_mask|>,<|mdm_mask|>,<|mdm_mask|>,<|mdm_mask|>,<|mdm_mask|>,<|mdm_mask|>,<|mdm_mask|>,<|mdm_mask|>,<|mdm_mask|>,<|mdm_mask|>,<|mdm_mask|>,<|mdm_mask|>,<|mdm_mask|>,<|mdm_mask|>,<|mdm_mask|>,<|mdm_mask|>,<|mdm_mask|>,<|mdm_mask|>,<|mdm_mask|>,<|mdm_mask|>,<|mdm_mask|>,<|mdm_mask|>,<|mdm_mask|>,<|mdm_mask|>,<|mdm_mask|>,<|mdm_mask|>,<|mdm_mask|>,<|mdm_mask|>,<|mdm_mask|>,<|mdm_mask|>,<|mdm_mask|>,<|mdm_mask|>,<|mdm_mask|>,<|mdm_mask|>,<|mdm_mask|>,<|mdm_mask|>,<|mdm_mask|>,<|mdm_mask|>,<|mdm_mask|>,<|mdm_mask|>,<|mdm_mask|>,<|mdm_mask|>,<|mdm_mask|>,<|mdm_mask|>,<|mdm_mask|>,<|mdm_mask|>,<|mdm_mask|>,<|mdm_mask|>,<|mdm_mask|>,<|mdm_mask|>,<|mdm_mask|>,<|mdm_mask|>,<|mdm_mask|>,<|mdm_mask|>,<|mdm_mask|>,<|mdm_mask|>,<|mdm_mask|>
<|mdm_mask|>, Answer, to, the, Ultimate, Question, of, Life,",", The, Universe,",", and, Everything, is,<|mdm_mask|>,<|mdm_mask|>,<|mdm_mask|>,<|mdm_mask|>,<|mdm_mask|>,<|mdm_mask|>,<|mdm_mask|>,<|mdm_mask|>,<|mdm_mask|>,<|mdm_mask|>,<|mdm_mask|>,<|mdm_mask|>,<|mdm_mask|>,<|mdm_mask|>,<|mdm_mask|>,<|mdm_mask|>,<|mdm_mask|>,<|mdm_mask|>,<|mdm_mask|>,<|mdm_mask|>,<|mdm_mask|>,<|mdm_mask|>,<|mdm_mask|>,<|mdm_mask|>,<|mdm_mask|>,<|mdm_mask|>,<|mdm_mask|>,<|mdm_mask|>,<|mdm_mask|>,<|mdm_mask|>,<|mdm_mask|>,<|mdm_mask|>,<|mdm_mask|>,<|mdm_mask|>,<|mdm_mask|>,<|mdm_mask|>,<|mdm_mask|>,<|mdm_mask|>,<|mdm_mask|>,<|mdm_mask|>,<|mdm_mask|>,<|mdm_mask|>,<|mdm_mask|>,<|mdm_mask|>,<|mdm_mask|>,<|mdm_mask|>,<|mdm_mask|>,<|mdm_mask|>,<|mdm_mask|>,<|mdm_mask|>,<|mdm_mask|>,<|mdm_mask|>,<|mdm_mask|>,<|mdm_mask|>,<|mdm_mask|>,<|mdm_mask|>,<|mdm_mask|>,<|mdm_mask|>,<|mdm_mask|>,<|mdm_mask|>,<|mdm_mask|>,<|mdm_mask|>,<|mdm_mask|>,<|mdm_mask|>,<|mdm_mask|>,<|mdm_mask|>,<|mdm_mask|>,<|mdm_mask|>,<|mdm_mask|>,<|mdm_mask|>,<|mdm_mask|>,<|mdm_mask|>,<|mdm_mask|>,<|mdm_mask|>,<|mdm_mask|>,<|mdm_mask|>,<|mdm_mask|>,<|mdm_mask|>,<|mdm_mask|>,<|mdm_mask|>,<|mdm_mask|>,<|mdm_mask|>,<|mdm_mask|>,<|mdm_mask|>,<|mdm_mask|>,<|mdm_mask|>,<|mdm_mask|>,<|mdm_mask|>,<|mdm_mask|>,<|mdm_mask|>,<|mdm_mask|>,<|mdm_mask|>,<|mdm_mask|>,<|mdm_mask|>,<|mdm_mask|>,<|mdm_mask|>,<|mdm_mask|>,<|mdm_mask|>,<|mdm_mask|>,<|mdm_mask|>,<|mdm_mask|>,<|mdm_mask|>,<|mdm_mask|>,<|mdm_mask|>,<|mdm_mask|>,<|mdm_mask|>,<|mdm_mask|>,<|mdm_mask|>,<|mdm_mask|>,<|mdm_mask|>,<|mdm_mask|>,<|mdm_mask|>,<|mdm_mask|>
The, Answer, to, the, Ultimate, Question, of, Life,",", The, Universe,",", and, Everything, is,<|mdm_mask|>,<|mdm_mask|>,<|mdm_mask|>,<|mdm_mask|>,<|mdm_mask|>,<|mdm_mask|>,<|mdm_mask|>,<|mdm_mask|>,<|mdm_mask|>,<|mdm_mask|>,<|mdm_mask|>,<|mdm_mask|>,<|mdm_mask|>,<|mdm_mask|>,<|mdm_mask|>,<|mdm_mask|>,<|mdm_mask|>,<|mdm_mask|>,<|mdm_mask|>,<|mdm_mask|>,<|mdm_mask|>,<|mdm_mask|>,<|mdm_mask|>,<|mdm_mask|>,<|mdm_mask|>,<|mdm_mask|>,<|mdm_mask|>,<|mdm_mask|>,<|mdm_mask|>,<|mdm_mask|>,<|mdm_mask|>,<|mdm_mask|>,<|mdm_mask|>,<|mdm_mask|>,<|mdm_mask|>,<|mdm_mask|>,<|mdm_mask|>,<|mdm_mask|>,<|mdm_mask|>,<|mdm_mask|>,<|mdm_mask|>,<|mdm_mask|>,<|mdm_mask|>,<|mdm_mask|>,<|mdm_mask|>,<|mdm_mask|>,<|mdm_mask|>,<|mdm_mask|>,<|mdm_mask|>,<|mdm_mask|>,<|mdm_mask|>,<|mdm_mask|>,<|mdm_mask|>,<|mdm_mask|>,<|mdm_mask|>,<|mdm_mask|>,<|mdm_mask|>,<|mdm_mask|>,<|mdm_mask|>,<|mdm_mask|>,<|mdm_mask|>,<|mdm_mask|>,<|mdm_mask|>,<|mdm_mask|>,<|mdm_mask|>,<|mdm_mask|>,<|mdm_mask|>,<|mdm_mask|>,<|mdm_mask|>,<|mdm_mask|>,<|mdm_mask|>,<|mdm_mask|>,<|mdm_mask|>,<|mdm_mask|>,<|mdm_mask|>,<|mdm_mask|>,<|mdm_mask|>,<|mdm_mask|>,<|mdm_mask|>,<|mdm_mask|>,<|mdm_mask|>,<|mdm_mask|>,<|mdm_mask|>,<|mdm_mask|>,<|mdm_mask|>,<|mdm_mask|>,<|mdm_mask|>,<|mdm_mask|>,<|mdm_mask|>,<|mdm_mask|>,<|mdm_mask|>,<|mdm_mask|>,<|mdm_mask|>,<|mdm_mask|>,<|mdm_mask|>,<|mdm_mask|>,<|mdm_mask|>,<|mdm_mask|>,<|mdm_mask|>,<|mdm_mask|>,<|mdm_mask|>,<|mdm_mask|>,<|mdm_mask|>,<|mdm_mask|>,<|mdm_mask|>,<|mdm_mask|>,<|mdm_mask|>,<|mdm_mask|>,<|mdm_mask|>,<|mdm_mask|>,<|mdm_mask|>,<|mdm_mask|>,<|mdm_mask|>
The, Answer, to, the, Ultimate, Question, of, Life,",", The, Universe,",", and, Everything, is,<|mdm_mask|>,<|mdm_mask|>,<|mdm_mask|>,<|mdm_mask|>,<|mdm_mask|>,<|mdm_mask|>,<|mdm_mask|>,<|mdm_mask|>,<|mdm_mask|>,<|mdm_mask|>,<|mdm_mask|>,<|mdm_mask|>,<|mdm_mask|>,<|mdm_mask|>,<|mdm_mask|>,<|mdm_mask|>,<|endoftext|>,<|mdm_mask|>,<|mdm_mask|>,<|mdm_mask|>,<|mdm_mask|>,<|mdm_mask|>,<|mdm_mask|>,<|mdm_mask|>,<|mdm_mask|>,<|mdm_mask|>,<|mdm_mask|>,<|mdm_mask|>,<|mdm_mask|>,<|mdm_mask|>,<|mdm_mask|>,<|mdm_mask|>,<|mdm_mask|>,<|mdm_mask|>,<|mdm_mask|>,<|mdm_mask|>,<|mdm_mask|>,<|mdm_mask|>,<|mdm_mask|>,<|mdm_mask|>,<|mdm_mask|>,<|mdm_mask|>,<|mdm_mask|>,<|mdm_mask|>,<|mdm_mask|>,<|mdm_mask|>,<|mdm_mask|>,<|mdm_mask|>,<|mdm_mask|>,<|mdm_mask|>,<|mdm_mask|>,<|mdm_mask|>,<|mdm_mask|>,<|mdm_mask|>,<|mdm_mask|>,<|mdm_mask|>,<|mdm_mask|>,<|mdm_mask|>,<|mdm_mask|>,<|mdm_mask|>,<|mdm_mask|>,<|mdm_mask|>,<|mdm_mask|>,<|mdm_mask|>,<|mdm_mask|>,<|mdm_mask|>,<|mdm_mask|>,<|mdm_mask|>,<|mdm_mask|>,<|mdm_mask|>,<|mdm_mask|>,<|mdm_mask|>,<|mdm_mask|>,<|mdm_mask|>,<|mdm_mask|>,<|mdm_mask|>,<|mdm_mask|>,<|mdm_mask|>,<|mdm_mask|>,<|mdm_mask|>,<|mdm_mask|>,<|mdm_mask|>,<|mdm_mask|>,<|mdm_mask|>,<|mdm_mask|>,<|mdm_mask|>,<|mdm_mask|>,<|mdm_mask|>,<|mdm_mask|>,<|mdm_mask|>,<|mdm_mask|>,<|mdm_mask|>,<|mdm_mask|>,<|mdm_mask|>,<|mdm_mask|>,<|mdm_mask|>,<|mdm_mask|>,<|mdm_mask|>,<|mdm_mask|>,<|mdm_mask|>,<|mdm_mask|>,<|mdm_mask|>,<|mdm_mask|>,<|mdm_mask|>,<|mdm_mask|>,<|mdm_mask|>,<|mdm_mask|>,<|mdm_mask|>,<|mdm_mask|>,<|mdm_mask|>,<|mdm_mask|>,<|mdm_mask|>,<|mdm_mask|>
The, Answer, to, the, Ultimate, Question, of, Life,",", The, Universe,",", and, Everything, is,<|mdm_mask|>,<|mdm_mask|>,<|mdm_mask|>,<|mdm_mask|>,<|mdm_mask|>,<|mdm_mask|>,<|mdm_mask|>,<|mdm_mask|>,<|mdm_mask|>,<|endoftext|>,,,,,,,,,,,,,,,,,,,,,,,,,,,,,,,,,,,,,,,,,,,,,,,,,,,,,,,,,,,,,,,,,,,,,,,,,,,,,,,,,,,,,,,,,,,,,,,,,,,,,,,
The, Answer, to, the, Ultimate, Question, of, Life,",", The, Universe,",", and, Everything, is,<|mdm_mask|>,<|mdm_mask|>,<|mdm_mask|>,<|mdm_mask|>,<|mdm_mask|>,<|mdm_mask|>,<|endoftext|>,,,,,,,,,,,,,,,,,,,,,,,,,,,,,,,,,,,,,,,,,,,,,,,,,,,,,,,,,,,,,,,,,,,,,,,,,,,,,,,,,,,,,,,,,,,,,,,,,,,,,,,,,,
The, Answer, to, the, Ultimate, Question, of, Life,",", The, Universe,",", and, Everything, is,<|mdm_mask|>,<|mdm_mask|>,<|mdm_mask|>,<|mdm_mask|>,<|mdm_mask|>,,,,,,,,,,,,,,,,,,,,,,,,,,,,,,,,,,,,,,,,,,,,,,,,,,,,,,,,,,,,,,,,,,,,,,,,,,,,,,,,,,,,,,,,,,,,,,,,,,,,,,,,,,,,
The, Answer, to, the, Ultimate, Question, of, Life,",", The, Universe,",", and, Everything, is,<|mdm_mask|>,<|mdm_mask|>,<|mdm_mask|>,<|mdm_mask|>,<|endoftext|>,,,,,,,,,,,,,,,,,,,,,,,,,,,,,,,,,,,,,,,,,,,,,,,,,,,,,,,,,,,,,,,,,,,,,,,,,,,,,,,,,,,,,,,,,,,,,,,,,,,,,,,,,,,,
The, Answer, to, the, Ultimate, Question, of, Life,",", The, Universe,",", and, Everything, is,<|mdm_mask|>,<|mdm_mask|>,<|mdm_mask|>,<|eot_id|>,<|endoftext|>,,,,,,,,,,,,,,,,,,,,,,,,,,,,,,,,,,,,,,,,,,,,,,,,,,,,,,,,,,,,,,,,,,,,,,,,,,,,,,,,,,,,,,,,,,,,,,,,,,,,,,,,,,,,
The, Answer, to, the, Ultimate, Question, of, Life,",", The, Universe,",", and, Everything, is,<|mdm_mask|>,4,<|mdm_mask|>,<|eot_id|>,<|endoftext|>,,,,,,,,,,,,,,,,,,,,,,,,,,,,,,,,,,,,,,,,,,,,,,,,,,,,,,,,,,,,,,,,,,,,,,,,,,,,,,,,,,,,,,,,,,,,,,,,,,,,,,,,,,,,
The, Answer, to, the, Ultimate, Question, of, Life,",", The, Universe,",", and, Everything, is, ,4,2,<|eot_id|>,<|endoftext|>,,,,,,,,,,,,,,,,,,,,,,,,,,,,,,,,,,,,,,,,,,,,,,,,,,,,,,,,,,,,,,,,,,,,,,,,,,,,,,,,,,,,,,,,,,,,,,,,,,,,,,,,,,,,
The, Answer, to, the, Ultimate, Question, of, Life,",", The, Universe,",", and, Everything, is, ,4,2,<|eot_id|>,<|endoftext|>,,,,,,,,,,,,,,,,,,,,,,,,,,,,,,,,,,,,,,,,,,,,,,,,,,,,,,,,,,,,,,,,,,,,,,,,,,,,,,,,,,,,,,,,,,,,,,,,,,,,,,,,,,,,
The, Answer, to, the, Ultimate, Question, of, Life,",", The, Universe,",", and, Everything, is, ,4,2,<|eot_id|>,<|endoftext|>,,,,,,,,,,,,,,,,,,,,,,,,,,,,,,,,,,,,,,,,,,,,,,,,,,,,,,,,,,,,,,,,,,,,,,,,,,,,,,,,,,,,,,,,,,,,,,,,,,,,,,,,,,,,
The, Answer, to, the, Ultimate, Question, of, Life,",", The, Universe,",", and, Everything, is, ,4,2,<|eot_id|>,<|endoftext|>,,,,,,,,,,,,,,,,,,,,,,,,,,,,,,,,,,,,,,,,,,,,,,,,,,,,,,,,,,,,,,,,,,,,,,,,,,,,,,,,,,,,,,,,,,,,,,,,,,,,,,,,,,,,
The, Answer, to, the, Ultimate, Question, of, Life,",", The, Universe,",", and, Everything, is, ,4,2,<|eot_id|>,<|endoftext|>,,,,,,,,,,,,,,,,,,,,,,,,,,,,,,,,,,,,,,,,,,,,,,,,,,,,,,,,,,,,,,,,,,,,,,,,,,,,,,,,,,,,,,,,,,,,,,,,,,,,,,,,,,,,
The, Answer, to, the, Ultimate, Question, of, Life,",", The, Universe,",", and, Everything, is, ,4,2,<|eot_id|>,<|endoftext|>,,,,,,,,,,,,,,,,,,,,,,,,,,,,,,,,,,,,,,,,,,,,,,,,,,,,,,,,,,,,,,,,,,,,,,,,,,,,,,,,,,,,,,,,,,,,,,,,,,,,,,,,,,,,
The, Answer, to, the, Ultimate, Question, of, Life,",", The, Universe,",", and, Everything, is, ,4,2,<|eot_id|>,<|endoftext|>,,,,,,,,,,,,,,,,,,,,,,,,,,,,,,,,,,,,,,,,,,,,,,,,,,,,,,,,,,,,,,,,,,,,,,,,,,,,,,,,,,,,,,,,,,,,,,,,,,,,,,,,,,,,
The, Answer, to, the, Ultimate, Question, of, Life,",", The, Universe,",", and, Everything, is, ,4,2,<|eot_id|>,<|endoftext|>,,,,,,,,,,,,,,,,,,,,,,,,,,,,,,,,,,,,,,,,,,,,,,,,,,,,,,,,,,,,,,,,,,,,,,,,,,,,,,,,,,,,,,,,,,,,,,,,,,,,,,,,,,,,
The, Answer, to, the, Ultimate, Question, of, Life,",", The, Universe,",", and, Everything, is, ,4,2,<|eot_id|>,<|endoftext|>,,,,,,,,,,,,,,,,,,,,,,,,,,,,,,,,,,,,,,,,,,,,,,,,,,,,,,,,,,,,,,,,,,,,,,,,,,,,,,,,,,,,,,,,,,,,,,,,,,,,,,,,,,,,
The, Answer, to, the, Ultimate, Question, of, Life,",", The, Universe,",", and, Everything, is, ,4,2,<|eot_id|>,<|endoftext|>,,,,,,,,,,,,,,,,,,,,,,,,,,,,,,,,,,,,,,,,,,,,,,,,,,,,,,,,,,,,,,,,,,,,,,,,,,,,,,,,,,,,,,,,,,,,,,,,,,,,,,,,,,,,
The, Answer, to, the, Ultimate, Question, of, Life,",", The, Universe,",", and, Everything, is, ,4,2,<|eot_id|>,<|endoftext|>,,,,,,,,,,,,,,,,,,,,,,,,,,,,,,,,,,,,,,,,,,,,,,,,,,,,,,,,,,,,,,,,,,,,,,,,,,,,,,,,,,,,,,,,,,,,,,,,,,,,,,,,,,,,
The, Answer, to, the, Ultimate, Question, of, Life,",", The, Universe,",", and, Everything, is, ,4,2,<|eot_id|>,<|endoftext|>,,,,,,,,,,,,,,,,,,,,,,,,,,,,,,,,,,,,,,,,,,,,,,,,,,,,,,,,,,,,,,,,,,,,,,,,,,,,,,,,,,,,,,,,,,,,,,,,,,,,,,,,,,,,
The, Answer, to, the, Ultimate, Question, of, Life,",", The, Universe,",", and, Everything, is, ,4,2,<|eot_id|>,<|endoftext|>,,,,,,,,,,,,,,,,,,,,,,,,,,,,,,,,,,,,,,,,,,,,,,,,,,,,,,,,,,,,,,,,,,,,,,,,,,,,,,,,,,,,,,,,,,,,,,,,,,,,,,,,,,,,
The, Answer, to, the, Ultimate, Question, of, Life,",", The, Universe,",", and, Everything, is, ,4,2,<|eot_id|>,<|endoftext|>,,,,,,,,,,,,,,,,,,,,,,,,,,,,,,,,,,,,,,,,,,,,,,,,,,,,,,,,,,,,,,,,,,,,,,,,,,,,,,,,,,,,,,,,,,,,,,,,,,,,,,,,,,,,
The, Answer, to, the, Ultimate, Question, of, Life,",", The, Universe,",", and, Everything, is, ,4,2,<|eot_id|>,<|endoftext|>,,,,,,,,,,,,,,,,,,,,,,,,,,,,,,,,,,,,,,,,,,,,,,,,,,,,,,,,,,,,,,,,,,,,,,,,,,,,,,,,,,,,,,,,,,,,,,,,,,,,,,,,,,,,
The, Answer, to, the, Ultimate, Question, of, Life,",", The, Universe,",", and, Everything, is, ,4,2,<|eot_id|>,<|endoftext|>,,,,,,,,,,,,,,,,,,,,,,,,,,,,,,,,,,,,,,,,,,,,,,,,,,,,,,,,,,,,,,,,,,,,,,,,,,,,,,,,,,,,,,,,,,,,,,,,,,,,,,,,,,,,
The, Answer, to, the, Ultimate, Question, of, Life,",", The, Universe,",", and, Everything, is, ,4,2,<|eot_id|>,<|endoftext|>,,,,,,,,,,,,,,,,,,,,,,,,,,,,,,,,,,,,,,,,,,,,,,,,,,,,,,,,,,,,,,,,,,,,,,,,,,,,,,,,,,,,,,,,,,,,,,,,,,,,,,,,,,,,
The, Answer, to, the, Ultimate, Question, of, Life,",", The, Universe,",", and, Everything, is, ,4,2,<|eot_id|>,<|endoftext|>,,,,,,,,,,,,,,,,,,,,,,,,,,,,,,,,,,,,,,,,,,,,,,,,,,,,,,,,,,,,,,,,,,,,,,,,,,,,,,,,,,,,,,,,,,,,,,,,,,,,,,,,,,,,
The, Answer, to, the, Ultimate, Question, of, Life,",", The, Universe,",", and, Everything, is, ,4,2,<|eot_id|>,<|endoftext|>,,,,,,,,,,,,,,,,,,,,,,,,,,,,,,,,,,,,,,,,,,,,,,,,,,,,,,,,,,,,,,,,,,,,,,,,,,,,,,,,,,,,,,,,,,,,,,,,,,,,,,,,,,,,
The, Answer, to, the, Ultimate, Question, of, Life,",", The, Universe,",", and, Everything, is, ,4,2,<|eot_id|>,<|endoftext|>,,,,,,,,,,,,,,,,,,,,,,,,,,,,,,,,,,,,,,,,,,,,,,,,,,,,,,,,,,,,,,,,,,,,,,,,,,,,,,,,,,,,,,,,,,,,,,,,,,,,,,,,,,,,
The, Answer, to, the, Ultimate, Question, of, Life,",", The, Universe,",", and, Everything, is, ,4,2,<|eot_id|>,<|endoftext|>,,,,,,,,,,,,,,,,,,,,,,,,,,,,,,,,,,,,,,,,,,,,,,,,,,,,,,,,,,,,,,,,,,,,,,,,,,,,,,,,,,,,,,,,,,,,,,,,,,,,,,,,,,,,
The, Answer, to, the, Ultimate, Question, of, Life,",", The, Universe,",", and, Everything, is, ,4,2,<|eot_id|>,<|endoftext|>,,,,,,,,,,,,,,,,,,,,,,,,,,,,,,,,,,,,,,,,,,,,,,,,,,,,,,,,,,,,,,,,,,,,,,,,,,,,,,,,,,,,,,,,,,,,,,,,,,,,,,,,,,,,
The, Answer, to, the, Ultimate, Question, of, Life,",", The, Universe,",", and, Everything, is, ,4,2,<|eot_id|>,<|endoftext|>,,,,,,,,,,,,,,,,,,,,,,,,,,,,,,,,,,,,,,,,,,,,,,,,,,,,,,,,,,,,,,,,,,,,,,,,,,,,,,,,,,,,,,,,,,,,,,,,,,,,,,,,,,,,
The, Answer, to, the, Ultimate, Question, of, Life,",", The, Universe,",", and, Everything, is, ,4,2,<|eot_id|>,<|endoftext|>,,,,,,,,,,,,,,,,,,,,,,,,,,,,,,,,,,,,,,,,,,,,,,,,,,,,,,,,,,,,,,,,,,,,,,,,,,,,,,,,,,,,,,,,,,,,,,,,,,,,,,,,,,,,
The, Answer, to, the, Ultimate, Question, of, Life,",", The, Universe,",", and, Everything, is, ,4,2,<|eot_id|>,<|endoftext|>,,,,,,,,,,,,,,,,,,,,,,,,,,,,,,,,,,,,,,,,,,,,,,,,,,,,,,,,,,,,,,,,,,,,,,,,,,,,,,,,,,,,,,,,,,,,,,,,,,,,,,,,,,,,
The, Answer, to, the, Ultimate, Question, of, Life,",", The, Universe,",", and, Everything, is, ,4,2,<|eot_id|>,<|endoftext|>,,,,,,,,,,,,,,,,,,,,,,,,,,,,,,,,,,,,,,,,,,,,,,,,,,,,,,,,,,,,,,,,,,,,,,,,,,,,,,,,,,,,,,,,,,,,,,,,,,,,,,,,,,,,
The, Answer, to, the, Ultimate, Question, of, Life,",", The, Universe,",", and, Everything, is, ,4,2,<|eot_id|>,<|endoftext|>,,,,,,,,,,,,,,,,,,,,,,,,,,,,,,,,,,,,,,,,,,,,,,,,,,,,,,,,,,,,,,,,,,,,,,,,,,,,,,,,,,,,,,,,,,,,,,,,,,,,,,,,,,,,
The, Answer, to, the, Ultimate, Question, of, Life,",", The, Universe,",", and, Everything, is, ,4,2,<|eot_id|>,<|endoftext|>,,,,,,,,,,,,,,,,,,,,,,,,,,,,,,,,,,,,,,,,,,,,,,,,,,,,,,,,,,,,,,,,,,,,,,,,,,,,,,,,,,,,,,,,,,,,,,,,,,,,,,,,,,,,
The, Answer, to, the, Ultimate, Question, of, Life,",", The, Universe,",", and, Everything, is, ,4,2,<|eot_id|>,<|endoftext|>,,,,,,,,,,,,,,,,,,,,,,,,,,,,,,,,,,,,,,,,,,,,,,,,,,,,,,,,,,,,,,,,,,,,,,,,,,,,,,,,,,,,,,,,,,,,,,,,,,,,,,,,,,,,
The, Answer, to, the, Ultimate, Question, of, Life,",", The, Universe,",", and, Everything, is, ,4,2,<|eot_id|>,<|endoftext|>,,,,,,,,,,,,,,,,,,,,,,,,,,,,,,,,,,,,,,,,,,,,,,,,,,,,,,,,,,,,,,,,,,,,,,,,,,,,,,,,,,,,,,,,,,,,,,,,,,,,,,,,,,,,
The, Answer, to, the, Ultimate, Question, of, Life,",", The, Universe,",", and, Everything, is, ,4,2,<|eot_id|>,<|endoftext|>,,,,,,,,,,,,,,,,,,,,,,,,,,,,,,,,,,,,,,,,,,,,,,,,,,,,,,,,,,,,,,,,,,,,,,,,,,,,,,,,,,,,,,,,,,,,,,,,,,,,,,,,,,,,
The, Answer, to, the, Ultimate, Question, of, Life,",", The, Universe,",", and, Everything, is, ,4,2,<|eot_id|>,<|endoftext|>,,,,,,,,,,,,,,,,,,,,,,,,,,,,,,,,,,,,,,,,,,,,,,,,,,,,,,,,,,,,,,,,,,,,,,,,,,,,,,,,,,,,,,,,,,,,,,,,,,,,,,,,,,,,
The, Answer, to, the, Ultimate, Question, of, Life,",", The, Universe,",", and, Everything, is, ,4,2,<|eot_id|>,<|endoftext|>,,,,,,,,,,,,,,,,,,,,,,,,,,,,,,,,,,,,,,,,,,,,,,,,,,,,,,,,,,,,,,,,,,,,,,,,,,,,,,,,,,,,,,,,,,,,,,,,,,,,,,,,,,,,
The, Answer, to, the, Ultimate, Question, of, Life,",", The, Universe,",", and, Everything, is, ,4,2,<|eot_id|>,<|endoftext|>,,,,,,,,,,,,,,,,,,,,,,,,,,,,,,,,,,,,,,,,,,,,,,,,,,,,,,,,,,,,,,,,,,,,,,,,,,,,,,,,,,,,,,,,,,,,,,,,,,,,,,,,,,,,
The, Answer, to, the, Ultimate, Question, of, Life,",", The, Universe,",", and, Everything, is, ,4,2,<|eot_id|>,<|endoftext|>,,,,,,,,,,,,,,,,,,,,,,,,,,,,,,,,,,,,,,,,,,,,,,,,,,,,,,,,,,,,,,,,,,,,,,,,,,,,,,,,,,,,,,,,,,,,,,,,,,,,,,,,,,,,
The, Answer, to, the, Ultimate, Question, of, Life,",", The, Universe,",", and, Everything, is, ,4,2,<|eot_id|>,<|endoftext|>,,,,,,,,,,,,,,,,,,,,,,,,,,,,,,,,,,,,,,,,,,,,,,,,,,,,,,,,,,,,,,,,,,,,,,,,,,,,,,,,,,,,,,,,,,,,,,,,,,,,,,,,,,,,
The, Answer, to, the, Ultimate, Question, of, Life,",", The, Universe,",", and, Everything, is, ,4,2,<|eot_id|>,<|endoftext|>,,,,,,,,,,,,,,,,,,,,,,,,,,,,,,,,,,,,,,,,,,,,,,,,,,,,,,,,,,,,,,,,,,,,,,,,,,,,,,,,,,,,,,,,,,,,,,,,,,,,,,,,,,,,
The, Answer, to, the, Ultimate, Question, of, Life,",", The, Universe,",", and, Everything, is, ,4,2,<|eot_id|>,<|endoftext|>,,,,,,,,,,,,,,,,,,,,,,,,,,,,,,,,,,,,,,,,,,,,,,,,,,,,,,,,,,,,,,,,,,,,,,,,,,,,,,,,,,,,,,,,,,,,,,,,,,,,,,,,,,,,
The, Answer, to, the, Ultimate, Question, of, Life,",", The, Universe,",", and, Everything, is, ,4,2,<|eot_id|>,<|endoftext|>,,,,,,,,,,,,,,,,,,,,,,,,,,,,,,,,,,,,,,,,,,,,,,,,,,,,,,,,,,,,,,,,,,,,,,,,,,,,,,,,,,,,,,,,,,,,,,,,,,,,,,,,,,,,
The, Answer, to, the, Ultimate, Question, of, Life,",", The, Universe,",", and, Everything, is, ,4,2,<|eot_id|>,<|endoftext|>,,,,,,,,,,,,,,,,,,,,,,,,,,,,,,,,,,,,,,,,,,,,,,,,,,,,,,,,,,,,,,,,,,,,,,,,,,,,,,,,,,,,,,,,,,,,,,,,,,,,,,,,,,,,
The, Answer, to, the, Ultimate, Question, of, Life,",", The, Universe,",", and, Everything, is, ,4,2,<|eot_id|>,<|endoftext|>,,,,,,,,,,,,,,,,,,,,,,,,,,,,,,,,,,,,,,,,,,,,,,,,,,,,,,,,,,,,,,,,,,,,,,,,,,,,,,,,,,,,,,,,,,,,,,,,,,,,,,,,,,,,
The, Answer, to, the, Ultimate, Question, of, Life,",", The, Universe,",", and, Everything, is, ,4,2,<|eot_id|>,<|endoftext|>,,,,,,,,,,,,,,,,,,,,,,,,,,,,,,,,,,,,,,,,,,,,,,,,,,,,,,,,,,,,,,,,,,,,,,,,,,,,,,,,,,,,,,,,,,,,,,,,,,,,,,,,,,,,
The, Answer, to, the, Ultimate, Question, of, Life,",", The, Universe,",", and, Everything, is, ,4,2,<|eot_id|>,<|endoftext|>,,,,,,,,,,,,,,,,,,,,,,,,,,,,,,,,,,,,,,,,,,,,,,,,,,,,,,,,,,,,,,,,,,,,,,,,,,,,,,,,,,,,,,,,,,,,,,,,,,,,,,,,,,,,
The, Answer, to, the, Ultimate, Question, of, Life,",", The, Universe,",", and, Everything, is, ,4,2,<|eot_id|>,<|endoftext|>,,,,,,,,,,,,,,,,,,,,,,,,,,,,,,,,,,,,,,,,,,,,,,,,,,,,,,,,,,,,,,,,,,,,,,,,,,,,,,,,,,,,,,,,,,,,,,,,,,,,,,,,,,,,
The, Answer, to, the, Ultimate, Question, of, Life,",", The, Universe,",", and, Everything, is, ,4,2,<|eot_id|>,<|endoftext|>,,,,,,,,,,,,,,,,,,,,,,,,,,,,,,,,,,,,,,,,,,,,,,,,,,,,,,,,,,,,,,,,,,,,,,,,,,,,,,,,,,,,,,,,,,,,,,,,,,,,,,,,,,,,
The, Answer, to, the, Ultimate, Question, of, Life,",", The, Universe,",", and, Everything, is, ,4,2,<|eot_id|>,<|endoftext|>,,,,,,,,,,,,,,,,,,,,,,,,,,,,,,,,,,,,,,,,,,,,,,,,,,,,,,,,,,,,,,,,,,,,,,,,,,,,,,,,,,,,,,,,,,,,,,,,,,,,,,,,,,,,
The, Answer, to, the, Ultimate, Question, of, Life,",", The, Universe,",", and, Everything, is, ,4,2,<|eot_id|>,<|endoftext|>,,,,,,,,,,,,,,,,,,,,,,,,,,,,,,,,,,,,,,,,,,,,,,,,,,,,,,,,,,,,,,,,,,,,,,,,,,,,,,,,,,,,,,,,,,,,,,,,,,,,,,,,,,,,
The, Answer, to, the, Ultimate, Question, of, Life,",", The, Universe,",", and, Everything, is, ,4,2,<|eot_id|>,<|endoftext|>,,,,,,,,,,,,,,,,,,,,,,,,,,,,,,,,,,,,,,,,,,,,,,,,,,,,,,,,,,,,,,,,,,,,,,,,,,,,,,,,,,,,,,,,,,,,,,,,,,,,,,,,,,,,
The, Answer, to, the, Ultimate, Question, of, Life,",", The, Universe,",", and, Everything, is, ,4,2,<|eot_id|>,<|endoftext|>,,,,,,,,,,,,,,,,,,,,,,,,,,,,,,,,,,,,,,,,,,,,,,,,,,,,,,,,,,,,,,,,,,,,,,,,,,,,,,,,,,,,,,,,,,,,,,,,,,,,,,,,,,,,
The, Answer, to, the, Ultimate, Question, of, Life,",", The, Universe,",", and, Everything, is, ,4,2,<|eot_id|>,<|endoftext|>,,,,,,,,,,,,,,,,,,,,,,,,,,,,,,,,,,,,,,,,,,,,,,,,,,,,,,,,,,,,,,,,,,,,,,,,,,,,,,,,,,,,,,,,,,,,,,,,,,,,,,,,,,,,
The, Answer, to, the, Ultimate, Question, of, Life,",", The, Universe,",", and, Everything, is, ,4,2,<|eot_id|>,<|endoftext|>,,,,,,,,,,,,,,,,,,,,,,,,,,,,,,,,,,,,,,,,,,,,,,,,,,,,,,,,,,,,,,,,,,,,,,,,,,,,,,,,,,,,,,,,,,,,,,,,,,,,,,,,,,,,
The, Answer, to, the, Ultimate, Question, of, Life,",", The, Universe,",", and, Everything, is, ,4,2,<|eot_id|>,<|endoftext|>,,,,,,,,,,,,,,,,,,,,,,,,,,,,,,,,,,,,,,,,,,,,,,,,,,,,,,,,,,,,,,,,,,,,,,,,,,,,,,,,,,,,,,,,,,,,,,,,,,,,,,,,,,,,
The, Answer, to, the, Ultimate, Question, of, Life,",", The, Universe,",", and, Everything, is, ,4,2,<|eot_id|>,<|endoftext|>,,,,,,,,,,,,,,,,,,,,,,,,,,,,,,,,,,,,,,,,,,,,,,,,,,,,,,,,,,,,,,,,,,,,,,,,,,,,,,,,,,,,,,,,,,,,,,,,,,,,,,,,,,,,
The, Answer, to, the, Ultimate, Question, of, Life,",", The, Universe,",", and, Everything, is, ,4,2,<|eot_id|>,<|endoftext|>,,,,,,,,,,,,,,,,,,,,,,,,,,,,,,,,,,,,,,,,,,,,,,,,,,,,,,,,,,,,,,,,,,,,,,,,,,,,,,,,,,,,,,,,,,,,,,,,,,,,,,,,,,,,
The, Answer, to, the, Ultimate, Question, of, Life,",", The, Universe,",", and, Everything, is, ,4,2,<|eot_id|>,<|endoftext|>,,,,,,,,,,,,,,,,,,,,,,,,,,,,,,,,,,,,,,,,,,,,,,,,,,,,,,,,,,,,,,,,,,,,,,,,,,,,,,,,,,,,,,,,,,,,,,,,,,,,,,,,,,,,
The, Answer, to, the, Ultimate, Question, of, Life,",", The, Universe,",", and, Everything, is, ,4,2,<|eot_id|>,<|endoftext|>,,,,,,,,,,,,,,,,,,,,,,,,,,,,,,,,,,,,,,,,,,,,,,,,,,,,,,,,,,,,,,,,,,,,,,,,,,,,,,,,,,,,,,,,,,,,,,,,,,,,,,,,,,,,
The, Answer, to, the, Ultimate, Question, of, Life,",", The, Universe,",", and, Everything, is, ,4,2,<|eot_id|>,<|endoftext|>,,,,,,,,,,,,,,,,,,,,,,,,,,,,,,,,,,,,,,,,,,,,,,,,,,,,,,,,,,,,,,,,,,,,,,,,,,,,,,,,,,,,,,,,,,,,,,,,,,,,,,,,,,,,
The, Answer, to, the, Ultimate, Question, of, Life,",", The, Universe,",", and, Everything, is, ,4,2,<|eot_id|>,<|endoftext|>,,,,,,,,,,,,,,,,,,,,,,,,,,,,,,,,,,,,,,,,,,,,,,,,,,,,,,,,,,,,,,,,,,,,,,,,,,,,,,,,,,,,,,,,,,,,,,,,,,,,,,,,,,,,
The, Answer, to, the, Ultimate, Question, of, Life,",", The, Universe,",", and, Everything, is, ,4,2,<|eot_id|>,<|endoftext|>,,,,,,,,,,,,,,,,,,,,,,,,,,,,,,,,,,,,,,,,,,,,,,,,,,,,,,,,,,,,,,,,,,,,,,,,,,,,,,,,,,,,,,,,,,,,,,,,,,,,,,,,,,,,
The, Answer, to, the, Ultimate, Question, of, Life,",", The, Universe,",", and, Everything, is, ,4,2,<|eot_id|>,<|endoftext|>,,,,,,,,,,,,,,,,,,,,,,,,,,,,,,,,,,,,,,,,,,,,,,,,,,,,,,,,,,,,,,,,,,,,,,,,,,,,,,,,,,,,,,,,,,,,,,,,,,,,,,,,,,,,
The, Answer, to, the, Ultimate, Question, of, Life,",", The, Universe,",", and, Everything, is, ,4,2,<|eot_id|>,<|endoftext|>,,,,,,,,,,,,,,,,,,,,,,,,,,,,,,,,,,,,,,,,,,,,,,,,,,,,,,,,,,,,,,,,,,,,,,,,,,,,,,,,,,,,,,,,,,,,,,,,,,,,,,,,,,,,
The, Answer, to, the, Ultimate, Question, of, Life,",", The, Universe,",", and, Everything, is, ,4,2,<|eot_id|>,<|endoftext|>,,,,,,,,,,,,,,,,,,,,,,,,,,,,,,,,,,,,,,,,,,,,,,,,,,,,,,,,,,,,,,,,,,,,,,,,,,,,,,,,,,,,,,,,,,,,,,,,,,,,,,,,,,,,
The, Answer, to, the, Ultimate, Question, of, Life,",", The, Universe,",", and, Everything, is, ,4,2,<|eot_id|>,<|endoftext|>,,,,,,,,,,,,,,,,,,,,,,,,,,,,,,,,,,,,,,,,,,,,,,,,,,,,,,,,,,,,,,,,,,,,,,,,,,,,,,,,,,,,,,,,,,,,,,,,,,,,,,,,,,,,
The, Answer, to, the, Ultimate, Question, of, Life,",", The, Universe,",", and, Everything, is, ,4,2,<|eot_id|>,<|endoftext|>,,,,,,,,,,,,,,,,,,,,,,,,,,,,,,,,,,,,,,,,,,,,,,,,,,,,,,,,,,,,,,,,,,,,,,,,,,,,,,,,,,,,,,,,,,,,,,,,,,,,,,,,,,,,
The, Answer, to, the, Ultimate, Question, of, Life,",", The, Universe,",", and, Everything, is, ,4,2,<|eot_id|>,<|endoftext|>,,,,,,,,,,,,,,,,,,,,,,,,,,,,,,,,,,,,,,,,,,,,,,,,,,,,,,,,,,,,,,,,,,,,,,,,,,,,,,,,,,,,,,,,,,,,,,,,,,,,,,,,,,,,
The, Answer, to, the, Ultimate, Question, of, Life,",", The, Universe,",", and, Everything, is, ,4,2,<|eot_id|>,<|endoftext|>,,,,,,,,,,,,,,,,,,,,,,,,,,,,,,,,,,,,,,,,,,,,,,,,,,,,,,,,,,,,,,,,,,,,,,,,,,,,,,,,,,,,,,,,,,,,,,,,,,,,,,,,,,,,
The, Answer, to, the, Ultimate, Question, of, Life,",", The, Universe,",", and, Everything, is, ,4,2,<|eot_id|>,<|endoftext|>,,,,,,,,,,,,,,,,,,,,,,,,,,,,,,,,,,,,,,,,,,,,,,,,,,,,,,,,,,,,,,,,,,,,,,,,,,,,,,,,,,,,,,,,,,,,,,,,,,,,,,,,,,,,
The, Answer, to, the, Ultimate, Question, of, Life,",", The, Universe,",", and, Everything, is, ,4,2,<|eot_id|>,<|endoftext|>,,,,,,,,,,,,,,,,,,,,,,,,,,,,,,,,,,,,,,,,,,,,,,,,,,,,,,,,,,,,,,,,,,,,,,,,,,,,,,,,,,,,,,,,,,,,,,,,,,,,,,,,,,,,
The, Answer, to, the, Ultimate, Question, of, Life,",", The, Universe,",", and, Everything, is, ,4,2,<|eot_id|>,<|endoftext|>,,,,,,,,,,,,,,,,,,,,,,,,,,,,,,,,,,,,,,,,,,,,,,,,,,,,,,,,,,,,,,,,,,,,,,,,,,,,,,,,,,,,,,,,,,,,,,,,,,,,,,,,,,,,
The, Answer, to, the, Ultimate, Question, of, Life,",", The, Universe,",", and, Everything, is, ,4,2,<|eot_id|>,<|endoftext|>,,,,,,,,,,,,,,,,,,,,,,,,,,,,,,,,,,,,,,,,,,,,,,,,,,,,,,,,,,,,,,,,,,,,,,,,,,,,,,,,,,,,,,,,,,,,,,,,,,,,,,,,,,,,
The, Answer, to, the, Ultimate, Question, of, Life,",", The, Universe,",", and, Everything, is, ,4,2,<|eot_id|>,<|endoftext|>,,,,,,,,,,,,,,,,,,,,,,,,,,,,,,,,,,,,,,,,,,,,,,,,,,,,,,,,,,,,,,,,,,,,,,,,,,,,,,,,,,,,,,,,,,,,,,,,,,,,,,,,,,,,
The, Answer, to, the, Ultimate, Question, of, Life,",", The, Universe,",", and, Everything, is, ,4,2,<|eot_id|>,<|endoftext|>,,,,,,,,,,,,,,,,,,,,,,,,,,,,,,,,,,,,,,,,,,,,,,,,,,,,,,,,,,,,,,,,,,,,,,,,,,,,,,,,,,,,,,,,,,,,,,,,,,,,,,,,,,,,
The, Answer, to, the, Ultimate, Question, of, Life,",", The, Universe,",", and, Everything, is, ,4,2,<|eot_id|>,<|endoftext|>,,,,,,,,,,,,,,,,,,,,,,,,,,,,,,,,,,,,,,,,,,,,,,,,,,,,,,,,,,,,,,,,,,,,,,,,,,,,,,,,,,,,,,,,,,,,,,,,,,,,,,,,,,,,
The, Answer, to, the, Ultimate, Question, of, Life,",", The, Universe,",", and, Everything, is, ,4,2,<|eot_id|>,<|endoftext|>,,,,,,,,,,,,,,,,,,,,,,,,,,,,,,,,,,,,,,,,,,,,,,,,,,,,,,,,,,,,,,,,,,,,,,,,,,,,,,,,,,,,,,,,,,,,,,,,,,,,,,,,,,,,
The, Answer, to, the, Ultimate, Question, of, Life,",", The, Universe,",", and, Everything, is, ,4,2,<|eot_id|>,<|endoftext|>,,,,,,,,,,,,,,,,,,,,,,,,,,,,,,,,,,,,,,,,,,,,,,,,,,,,,,,,,,,,,,,,,,,,,,,,,,,,,,,,,,,,,,,,,,,,,,,,,,,,,,,,,,,,
The, Answer, to, the, Ultimate, Question, of, Life,",", The, Universe,",", and, Everything, is, ,4,2,<|eot_id|>,<|endoftext|>,,,,,,,,,,,,,,,,,,,,,,,,,,,,,,,,,,,,,,,,,,,,,,,,,,,,,,,,,,,,,,,,,,,,,,,,,,,,,,,,,,,,,,,,,,,,,,,,,,,,,,,,,,,,
The, Answer, to, the, Ultimate, Question, of, Life,",", The, Universe,",", and, Everything, is, ,4,2,<|eot_id|>,<|endoftext|>,,,,,,,,,,,,,,,,,,,,,,,,,,,,,,,,,,,,,,,,,,,,,,,,,,,,,,,,,,,,,,,,,,,,,,,,,,,,,,,,,,,,,,,,,,,,,,,,,,,,,,,,,,,,
The, Answer, to, the, Ultimate, Question, of, Life,",", The, Universe,",", and, Everything, is, ,4,2,<|eot_id|>,<|endoftext|>,,,,,,,,,,,,,,,,,,,,,,,,,,,,,,,,,,,,,,,,,,,,,,,,,,,,,,,,,,,,,,,,,,,,,,,,,,,,,,,,,,,,,,,,,,,,,,,,,,,,,,,,,,,,
The, Answer, to, the, Ultimate, Question, of, Life,",", The, Universe,",", and, Everything, is, ,4,2,<|eot_id|>,<|endoftext|>,,,,,,,,,,,,,,,,,,,,,,,,,,,,,,,,,,,,,,,,,,,,,,,,,,,,,,,,,,,,,,,,,,,,,,,,,,,,,,,,,,,,,,,,,,,,,,,,,,,,,,,,,,,,
The, Answer, to, the, Ultimate, Question, of, Life,",", The, Universe,",", and, Everything, is, ,4,2,<|eot_id|>,<|endoftext|>,,,,,,,,,,,,,,,,,,,,,,,,,,,,,,,,,,,,,,,,,,,,,,,,,,,,,,,,,,,,,,,,,,,,,,,,,,,,,,,,,,,,,,,,,,,,,,,,,,,,,,,,,,,,
The, Answer, to, the, Ultimate, Question, of, Life,",", The, Universe,",", and, Everything, is, ,4,2,<|eot_id|>,<|endoftext|>,,,,,,,,,,,,,,,,,,,,,,,,,,,,,,,,,,,,,,,,,,,,,,,,,,,,,,,,,,,,,,,,,,,,,,,,,,,,,,,,,,,,,,,,,,,,,,,,,,,,,,,,,,,,
The, Answer, to, the, Ultimate, Question, of, Life,",", The, Universe,",", and, Everything, is, ,4,2,<|eot_id|>,<|endoftext|>,,,,,,,,,,,,,,,,,,,,,,,,,,,,,,,,,,,,,,,,,,,,,,,,,,,,,,,,,,,,,,,,,,,,,,,,,,,,,,,,,,,,,,,,,,,,,,,,,,,,,,,,,,,,
The, Answer, to, the, Ultimate, Question, of, Life,",", The, Universe,",", and, Everything, is, ,4,2,<|eot_id|>,<|endoftext|>,,,,,,,,,,,,,,,,,,,,,,,,,,,,,,,,,,,,,,,,,,,,,,,,,,,,,,,,,,,,,,,,,,,,,,,,,,,,,,,,,,,,,,,,,,,,,,,,,,,,,,,,,,,,
The, Answer, to, the, Ultimate, Question, of, Life,",", The, Universe,",", and, Everything, is, ,4,2,<|eot_id|>,<|endoftext|>,,,,,,,,,,,,,,,,,,,,,,,,,,,,,,,,,,,,,,,,,,,,,,,,,,,,,,,,,,,,,,,,,,,,,,,,,,,,,,,,,,,,,,,,,,,,,,,,,,,,,,,,,,,,
The, Answer, to, the, Ultimate, Question, of, Life,",", The, Universe,",", and, Everything, is, ,4,2,<|eot_id|>,<|endoftext|>,,,,,,,,,,,,,,,,,,,,,,,,,,,,,,,,,,,,,,,,,,,,,,,,,,,,,,,,,,,,,,,,,,,,,,,,,,,,,,,,,,,,,,,,,,,,,,,,,,,,,,,,,,,,
The, Answer, to, the, Ultimate, Question, of, Life,",", The, Universe,",", and, Everything, is, ,4,2,<|eot_id|>,<|endoftext|>,,,,,,,,,,,,,,,,,,,,,,,,,,,,,,,,,,,,,,,,,,,,,,,,,,,,,,,,,,,,,,,,,,,,,,,,,,,,,,,,,,,,,,,,,,,,,,,,,,,,,,,,,,,,
The, Answer, to, the, Ultimate, Question, of, Life,",", The, Universe,",", and, Everything, is, ,4,2,<|eot_id|>,<|endoftext|>,,,,,,,,,,,,,,,,,,,,,,,,,,,,,,,,,,,,,,,,,,,,,,,,,,,,,,,,,,,,,,,,,,,,,,,,,,,,,,,,,,,,,,,,,,,,,,,,,,,,,,,,,,,,
The, Answer, to, the, Ultimate, Question, of, Life,",", The, Universe,",", and, Everything, is, ,4,2,<|eot_id|>,<|endoftext|>,,,,,,,,,,,,,,,,,,,,,,,,,,,,,,,,,,,,,,,,,,,,,,,,,,,,,,,,,,,,,,,,,,,,,,,,,,,,,,,,,,,,,,,,,,,,,,,,,,,,,,,,,,,,
The, Answer, to, the, Ultimate, Question, of, Life,",", The, Universe,",", and, Everything, is, ,4,2,<|eot_id|>,<|endoftext|>,,,,,,,,,,,,,,,,,,,,,,,,,,,,,,,,,,,,,,,,,,,,,,,,,,,,,,,,,,,,,,,,,,,,,,,,,,,,,,,,,,,,,,,,,,,,,,,,,,,,,,,,,,,,
The, Answer, to, the, Ultimate, Question, of, Life,",", The, Universe,",", and, Everything, is, ,4,2,<|eot_id|>,<|endoftext|>,,,,,,,,,,,,,,,,,,,,,,,,,,,,,,,,,,,,,,,,,,,,,,,,,,,,,,,,,,,,,,,,,,,,,,,,,,,,,,,,,,,,,,,,,,,,,,,,,,,,,,,,,,,,
The, Answer, to, the, Ultimate, Question, of, Life,",", The, Universe,",", and, Everything, is, ,4,2,<|eot_id|>,<|endoftext|>,,,,,,,,,,,,,,,,,,,,,,,,,,,,,,,,,,,,,,,,,,,,,,,,,,,,,,,,,,,,,,,,,,,,,,,,,,,,,,,,,,,,,,,,,,,,,,,,,,,,,,,,,,,,
The, Answer, to, the, Ultimate, Question, of, Life,",", The, Universe,",", and, Everything, is, ,4,2,<|eot_id|>,<|endoftext|>,,,,,,,,,,,,,,,,,,,,,,,,,,,,,,,,,,,,,,,,,,,,,,,,,,,,,,,,,,,,,,,,,,,,,,,,,,,,,,,,,,,,,,,,,,,,,,,,,,,,,,,,,,,,
The, Answer, to, the, Ultimate, Question, of, Life,",", The, Universe,",", and, Everything, is, ,4,2,<|eot_id|>,<|endoftext|>,,,,,,,,,,,,,,,,,,,,,,,,,,,,,,,,,,,,,,,,,,,,,,,,,,,,,,,,,,,,,,,,,,,,,,,,,,,,,,,,,,,,,,,,,,,,,,,,,,,,,,,,,,,,
The, Answer, to, the, Ultimate, Question, of, Life,",", The, Universe,",", and, Everything, is, ,4,2,<|eot_id|>,<|endoftext|>,,,,,,,,,,,,,,,,,,,,,,,,,,,,,,,,,,,,,,,,,,,,,,,,,,,,,,,,,,,,,,,,,,,,,,,,,,,,,,,,,,,,,,,,,,,,,,,,,,,,,,,,,,,,
The, Answer, to, the, Ultimate, Question, of, Life,",", The, Universe,",", and, Everything, is, ,4,2,<|eot_id|>,<|endoftext|>,,,,,,,,,,,,,,,,,,,,,,,,,,,,,,,,,,,,,,,,,,,,,,,,,,,,,,,,,,,,,,,,,,,,,,,,,,,,,,,,,,,,,,,,,,,,,,,,,,,,,,,,,,,,
The, Answer, to, the, Ultimate, Question, of, Life,",", The, Universe,",", and, Everything, is, ,4,2,<|eot_id|>,<|endoftext|>,,,,,,,,,,,,,,,,,,,,,,,,,,,,,,,,,,,,,,,,,,,,,,,,,,,,,,,,,,,,,,,,,,,,,,,,,,,,,,,,,,,,,,,,,,,,,,,,,,,,,,,,,,,,
The, Answer, to, the, Ultimate, Question, of, Life,",", The, Universe,",", and, Everything, is, ,4,2,<|eot_id|>,<|endoftext|>,,,,,,,,,,,,,,,,,,,,,,,,,,,,,,,,,,,,,,,,,,,,,,,,,,,,,,,,,,,,,,,,,,,,,,,,,,,,,,,,,,,,,,,,,,,,,,,,,,,,,,,,,,,,
The, Answer, to, the, Ultimate, Question, of, Life,",", The, Universe,",", and, Everything, is, ,4,2,<|eot_id|>,<|endoftext|>,,,,,,,,,,,,,,,,,,,,,,,,,,,,,,,,,,,,,,,,,,,,,,,,,,,,,,,,,,,,,,,,,,,,,,,,,,,,,,,,,,,,,,,,,,,,,,,,,,,,,,,,,,,,
The, Answer, to, the, Ultimate, Question, of, Life,",", The, Universe,",", and, Everything, is, ,4,2,<|eot_id|>,<|endoftext|>,,,,,,,,,,,,,,,,,,,,,,,,,,,,,,,,,,,,,,,,,,,,,,,,,,,,,,,,,,,,,,,,,,,,,,,,,,,,,,,,,,,,,,,,,,,,,,,,,,,,,,,,,,,,
The, Answer, to, the, Ultimate, Question, of, Life,",", The, Universe,",", and, Everything, is, ,4,2,<|eot_id|>,<|endoftext|>,,,,,,,,,,,,,,,,,,,,,,,,,,,,,,,,,,,,,,,,,,,,,,,,,,,,,,,,,,,,,,,,,,,,,,,,,,,,,,,,,,,,,,,,,,,,,,,,,,,,,,,,,,,,
The, Answer, to, the, Ultimate, Question, of, Life,",", The, Universe,",", and, Everything, is, ,4,2,<|eot_id|>,<|endoftext|>,,,,,,,,,,,,,,,,,,,,,,,,,,,,,,,,,,,,,,,,,,,,,,,,,,,,,,,,,,,,,,,,,,,,,,,,,,,,,,,,,,,,,,,,,,,,,,,,,,,,,,,,,,,,
The, Answer, to, the, Ultimate, Question, of, Life,",", The, Universe,",", and, Everything, is, ,4,2,<|eot_id|>,<|endoftext|>,,,,,,,,,,,,,,,,,,,,,,,,,,,,,,,,,,,,,,,,,,,,,,,,,,,,,,,,,,,,,,,,,,,,,,,,,,,,,,,,,,,,,,,,,,,,,,,,,,,,,,,,,,,,
The, Answer, to, the, Ultimate, Question, of, Life,",", The, Universe,",", and, Everything, is, ,4,2,<|eot_id|>,<|endoftext|>,,,,,,,,,,,,,,,,,,,,,,,,,,,,,,,,,,,,,,,,,,,,,,,,,,,,,,,,,,,,,,,,,,,,,,,,,,,,,,,,,,,,,,,,,,,,,,,,,,,,,,,,,,,,
The, Answer, to, the, Ultimate, Question, of, Life,",", The, Universe,",", and, Everything, is, ,4,2,<|eot_id|>,<|endoftext|>,,,,,,,,,,,,,,,,,,,,,,,,,,,,,,,,,,,,,,,,,,,,,,,,,,,,,,,,,,,,,,,,,,,,,,,,,,,,,,,,,,,,,,,,,,,,,,,,,,,,,,,,,,,,
The, Answer, to, the, Ultimate, Question, of, Life,",", The, Universe,",", and, Everything, is, ,4,2,<|eot_id|>,<|endoftext|>,,,,,,,,,,,,,,,,,,,,,,,,,,,,,,,,,,,,,,,,,,,,,,,,,,,,,,,,,,,,,,,,,,,,,,,,,,,,,,,,,,,,,,,,,,,,,,,,,,,,,,,,,,,,
The, Answer, to, the, Ultimate, Question, of, Life,",", The, Universe,",", and, Everything, is, ,4,2,<|eot_id|>,<|endoftext|>,,,,,,,,,,,,,,,,,,,,,,,,,,,,,,,,,,,,,,,,,,,,,,,,,,,,,,,,,,,,,,,,,,,,,,,,,,,,,,,,,,,,,,,,,,,,,,,,,,,,,,,,,,,,
The, Answer, to, the, Ultimate, Question, of, Life,",", The, Universe,",", and, Everything, is, ,4,2,<|eot_id|>,<|endoftext|>,,,,,,,,,,,,,,,,,,,,,,,,,,,,,,,,,,,,,,,,,,,,,,,,,,,,,,,,,,,,,,,,,,,,,,,,,,,,,,,,,,,,,,,,,,,,,,,,,,,,,,,,,,,,
The, Answer, to, the, Ultimate, Question, of, Life,",", The, Universe,",", and, Everything, is, ,4,2,<|eot_id|>,<|endoftext|>,,,,,,,,,,,,,,,,,,,,,,,,,,,,,,,,,,,,,,,,,,,,,,,,,,,,,,,,,,,,,,,,,,,,,,,,,,,,,,,,,,,,,,,,,,,,,,,,,,,,,,,,,,,,
The, Answer, to, the, Ultimate, Question, of, Life,",", The, Universe,",", and, Everything, is, ,4,2,<|eot_id|>,<|endoftext|>,,,,,,,,,,,,,,,,,,,,,,,,,,,,,,,,,,,,,,,,,,,,,,,,,,,,,,,,,,,,,,,,,,,,,,,,,,,,,,,,,,,,,,,,,,,,,,,,,,,,,,,,,,,,
The, Answer, to, the, Ultimate, Question, of, Life,",", The, Universe,",", and, Everything, is, ,4,2,<|eot_id|>,<|endoftext|>,,,,,,,,,,,,,,,,,,,,,,,,,,,,,,,,,,,,,,,,,,,,,,,,,,,,,,,,,,,,,,,,,,,,,,,,,,,,,,,,,,,,,,,,,,,,,,,,,,,,,,,,,,,,
The, Answer, to, the, Ultimate, Question, of, Life,",", The, Universe,",", and, Everything, is, ,4,2,<|eot_id|>,<|endoftext|>,,,,,,,,,,,,,,,,,,,,,,,,,,,,,,,,,,,,,,,,,,,,,,,,,,,,,,,,,,,,,,,,,,,,,,,,,,,,,,,,,,,,,,,,,,,,,,,,,,,,,,,,,,,,
The, Answer, to, the, Ultimate, Question, of, Life,",", The, Universe,",", and, Everything, is, ,4,2,<|eot_id|>,<|endoftext|>,,,,,,,,,,,,,,,,,,,,,,,,,,,,,,,,,,,,,,,,,,,,,,,,,,,,,,,,,,,,,,,,,,,,,,,,,,,,,,,,,,,,,,,,,,,,,,,,,,,,,,,,,,,,
The, Answer, to, the, Ultimate, Question, of, Life,",", The, Universe,",", and, Everything, is, ,4,2,<|eot_id|>,<|endoftext|>,,,,,,,,,,,,,,,,,,,,,,,,,,,,,,,,,,,,,,,,,,,,,,,,,,,,,,,,,,,,,,,,,,,,,,,,,,,,,,,,,,,,,,,,,,,,,,,,,,,,,,,,,,,,
The, Answer, to, the, Ultimate, Question, of, Life,",", The, Universe,",", and, Everything, is, ,4,2,<|eot_id|>,<|endoftext|>,,,,,,,,,,,,,,,,,,,,,,,,,,,,,,,,,,,,,,,,,,,,,,,,,,,,,,,,,,,,,,,,,,,,,,,,,,,,,,,,,,,,,,,,,,,,,,,,,,,,,,,,,,,,
The, Answer, to, the, Ultimate, Question, of, Life,",", The, Universe,",", and, Everything, is, ,4,2,<|eot_id|>,<|endoftext|>,,,,,,,,,,,,,,,,,,,,,,,,,,,,,,,,,,,,,,,,,,,,,,,,,,,,,,,,,,,,,,,,,,,,,,,,,,,,,,,,,,,,,,,,,,,,,,,,,,,,,,,,,,,,
The, Answer, to, the, Ultimate, Question, of, Life,",", The, Universe,",", and, Everything, is, ,4,2,<|eot_id|>,<|endoftext|>,,,,,,,,,,,,,,,,,,,,,,,,,,,,,,,,,,,,,,,,,,,,,,,,,,,,,,,,,,,,,,,,,,,,,,,,,,,,,,,,,,,,,,,,,,,,,,,,,,,,,,,,,,,,
